video_id,title,views,likes,upload_date,transcript_available,transcript
5kLsYVoEwn0,Stop Wearing Caps EVERY Day,4927134,121868,31-01-2026,TRUE,"What happens if you wear a cap every single day? Day one, you look sharp. No bad hair days. No worries. You feel like a legend. Day 30, your scalp is starting to suffocate. Sweat, oils, and bacteria are throwing a party under that fabric. You're dealing with hat acne and a permanent itch that won't go away. Day 90. The hat hair is now your permanent hairstyle. Your follicles are starved for oxygen and the constant pressure is making your hair brittle and weak. Day 180. Traction alipcia has joined the chat. Now, every time you shower, you're seeing clumps of hair clogging the drain. Your hairline is literally moving back just to escape the pressure. Day 365. You upgraded your outfit, but you ruined the hardware. Your scalp is totally cooked. All that constant squeezing made your hair roots shrink until they basically disappeared. Your head has definitely seen better"
F14jVZujD_g,Why You MUST Stop Biting Nails,1955426,61288,30-01-2026,TRUE,"What actually happens to your body when you bite your nails? Think about it. Your hands touch everything. Your nails are like tiny germ sponges. I'm talking millions of bacteria and viruses from everything you've touched today. Door handles, phones, money, it's all there. Number one, when you bite, those germs go straight to your stomach. We're talking stomach flu vibes, cramps, and some pretty nasty bacteria that you definitely don't want. Number two, you're creating tiny wounds around your fingers. These become gateways for infections that cause irritation and inflammation. Basically, you're turning your fingertips [music] into a total playground for bacteria. Number three, your teeth are paying the price. Cracked enamel, misaligned bite, and jaw [music] problems that'll cost you thousands at the dentist. Number four, your body interprets it as a sign of stress or anxiety. It's not just a habit. It's a way for your mind to express constant tension. And here's the creepy part. Most people bite their nails without even realizing it. Your body is literally eating itself from stress."
qx-6XQPH7Y0,Is Netflix Ending You?,4861615,196957,28-01-2026,TRUE,"How many hours of Netflix will actually end you? Hour one, you settle into your couch and hit play on episode 1. The glow of the screen fills your eyes as you smile. Hour five, your eyes are burning. The constant blue light has suppressed your melatonin so much that your vision is blurry and your eyes are bone dry. You ignore the bathroom urges and keep watching. Hour 15. Living on snacks and soda. Your heart rate spikes from the sugar. As your pulse races, your posture fails. Your spine curves into a permanent hunch and your back muscles are screaming in pain, but you just hit next episode. Hour 30. You haven't left the couch and brain fog takes hold. You suddenly realize you don't remember what happened in the last three episodes. But that cliffhanger, you need to know what happens next. Hour 50. You aggressively shove popcorn into your mouth without looking away. Reality is getting blurry. Your brain is begging for sleep. Blood clots start forming in your motionless legs. Hour 72. You finally stand up to use the bathroom. The clot breaks loose, travels to your lungs, and it's over."
Gc4zmx0wPA4,What Braces ACTUALLY Do,15407848,589506,28-01-2026,TRUE,"What actually happens to your mouth when you get braces? Day one. It feels weird. Your mouth feels full of metal and you keep licking your teeth. You try to bite an apple. Big mistake. Too painful. You look in the mirror and think, ""Is this really worth it?"" Day seven. Food is the enemy. Popcorn kernels get stuck everywhere. You spend 10 minutes brushing after every snack. The hunger is real. You're chugging soup and smoothies while your friends eat pizza and popcorn. Day 30. Magic is happening. Those gaps are closing. Your mouth is basically leveling up to its final boss form. Your jawbone is actually dissolving and rebuilding itself to let your teeth move. You feel more confident. Day 180. Your face shape is actually changing. Your jaw looks better. Your smile is wider. And your confidence is through the roof. You aren't even shy to show them off anymore. Day 360. They're off. Your teeth feel super smooth and kind of slimy. But wow, look at that Hollywood smile. You didn't just fix your teeth. You upgraded your whole face. It was worth every single"
Z5qPF5AWULo,What If You NEVER Stop Laughing?,6648555,249814,26-01-2026,TRUE,"What if you actually never stopped laughing? 5 minutes, you feel amazing. Your brain is flooded with endorphins and dopamine. Your heart rate is up and you've just had the best abs workout of your life. 1 hour, the fun is over. Your facial muscles are cramping and your throat is raw from constant gasping. Your brain starts to panic as it loses control over your vocal cords. 3 hours, you're struggling to breathe because your lungs can't fully inhale between spasms. Your oxygen levels drop and you start to feel lightaded and dizzy. 5 hours, your brain is totally glitched. It can't tell the difference between joy and straight up agony anymore. The shaking gets so violent, it's now strong enough to actually snap your ribs like twigs. You're still laughing, but your eyes are literally begging for it to stop. Team hours, your brain is totally fried, but your body just won't let you stop. Hallucinations kick in. You look over and the shadows on your couch are straight up laughing along with you. 23 hours, your body hits its limit. Your blood pressure drops. Your heart enters arhythmia and your brain finally shuts"
2gW-6g9qJ3U,Could You Survive the Desert?,4469610,139235,24-01-2026,TRUE,"How long can you actually survive in the desert without water? Hour one. The sun is brutal and you're losing a full cord of sweat. Your mouth feels like sandpaper and your throat tightens. Every breath you take sucks the remaining moisture straight out of your lungs. Hour 12. The sweating stops. Your body is desperately [music] trying to save water, but your internal temperature is rising like a preheating oven. Your heart hammers against your ribs, struggling to pump blood through your veins. Hour 24. The heat is relentless. Your brain cells begin to shrink as they're robbed of moisture. A massive throbbing headache sets in as your skull feels like it's trapped in a metal vice. Hour 48. You're sprinting toward a crystalclear oasis that's actually a death trap. Your brain is literally frying and the desert is laughing at you. Hour 72. Your kidneys are shutting down, flooding your system with toxins. Your internal organs are literally cooking in the 120¬∞ heat. Your tongue swells so much you can't even close your mouth. Total system failure."
cAqkKWAzjVM,30 Days of Daily Creatine,7401217,419556,23-01-2026,TRUE,"What happens if you take creatine every day? Day one starts off rough. It tastes like chalky water. You look in the mirror, nothing happened. You feel scammed. Day seven and thirst takes over. You are chugging gallons of water. The scale spikes up 3 lb. You panic thinking you got fat. You didn't. Your muscles are just thirsty, pulling water into the cells like a sponge. Day 14. Saturation hits. Our ATP stores are fully charged, flooding your body with jet fuel. In the gym, that heavy weight feels lighter. The fatigue doesn't hit. You look bigger because you are bigger. Day 30. It's not just muscles. Your brain fog disappears. Creatine fuels your neurons, too. You are laser focused. That last rep that usually crushes you, it flies up. Your recovery speed is now terrifyingly fast. Day 60. You look in the mirror and see a different person. You are unstoppable. You're fuller, vascular, and stronger. You haven't just built muscle."
37FeOBMK2jE,Don't Drink This Much Milk!,5325244,170250,23-01-2026,TRUE,"How many glasses of milk does it take to end you? One glass. You lift the cold glass to your lips. The liquid is smooth and creamy. You wipe the milk mustache away, feeling refreshed. Five glasses. The refreshing chill is gone. Now the milk feels heavy in your mouth, almost like slime. You have to force each swallow. Your belly is tight and sloshes loudly with every breath you take. 15 glasses. You are drowning in dairy. The milk sitting in your gut is mixing with acid, curdling into a solid, heavy cheese inside you. A sour taste rises in your throat. 25 glasses. Milk spills down your chin because you can't swallow fast enough. Your blood is becoming dangerously diluted. Veins pump mostly water. Your cells are starving. 35 glasses. You can't taste the cream anymore. Just the metallic taste of nausea. Your brain is swelling against your skull from water intoxication. 42 glasses. The glass slips from your wet fingers and shatters. Your stomach finally ruptures under the pressure."
5-WmFLeA2kA,What If You NEVER Cleaned Your Room?,4893756,116533,21-01-2026,TRUE,"What happens if you never clean your room? Day one, you toss a hoodie on the floor. No big deal. Your brain releases a bit of cortisol from the clutter, but you ignore it and keep scrolling. One week, millions of microscopic dust mites are now feasting on your dead skin cells. Your eyes burn and you start sneezing uncontrollably as you inhale their waste. One month, that halfeaten pizza under your bed. It's a fuzzy green science project now. Toxic mold spores fill the air. Every breath you take sends fungus deep into your lungs, causing a persistent hacking cough. 6 months. The smell is unbearable. Ammonia from the waste and decaying organic matter irritates your throat. Your room is now a class 3 biohazard zone. One year the visitors arrive. Cockroaches and silverfish move in, attracted by the rotting scraps. They crawl over you while you sleep, leaving bacteria like salmonella on your skin and pillow. 3 years. A rare fungal infection enters your bloodstream. Your lungs fill with fluid and you struggle for air."
LodF4DJAp1A,What If You Got RABIES?,3717647,167410,19-01-2026,TRUE,"What does rabies actually do to your body? Day one, it starts with a tiny bite or scratch from a wild animal. You feel totally fine, but the virus is already hiding in your muscles, planning its attack. Week two, the virus is invisible. It travels through your nerves like they are tiny roads, moving slowly toward your spine and brain. Week three, suddenly the flu hits. Fever, headaches, and a strange tingling at the bite site. The virus has finally breached your brain's last line of defense, and there is no turning back. If you haven't seen a doctor yet, it's already too late. Week four. Now you're dying of thirst, but the mere sight of water causes your throat to spasm in terror. This is hydrophobia. Your body is literally afraid to swallow. Week five, total meltdown. Foam leaks from your face as the virus cooks your brain. You lose control, start seeing things, and feel a terrifying animall-like urge to bite anyone standing near you. Week seven, the end. Your brain swells so much it literally crushes itself against the inside of your skull."
5C6BnCIC4og,How much scrolling is TOO much?,2137011,69162,17-01-2026,TRUE,"How many days of scrolling until your brain is literally cooked? Day one, your brain is swimming in dopamine and every scroll feels like a hit of pure energy. Your eyes are wide and locked on the glow. Day two, your eyes start to burn. You're blinking 60% less than normal. Your vision begins to blur as your eye muscles strain [music] to stay focused. Day three, blue light has suppressed your melatonin. You toss and turn, but deep sleep is impossible. Your brain feels wired but exhausted. Day four, tech neck kicks in. You're literally mutating into the iPad kid final form. This is why Gen Alpha won't be able to stand up straight by age 20. Day five, the brain fog sets in. Your attention span is now shorter than a goldfish's. Your brain is filled with digital static and you're reading the same meme for the 10th time. Day six, you hear notification sounds in a silent room. Your brain overlays like buttons on your mom. Reality is breaking, pixelating like a corrupted video file. Day seven, your consciousness is fried. You're no longer a person, just a biological server for the algorithm."
ZjV7Nrv2e8Y,How Long Can You Drive?,16231033,512555,16-01-2026,TRUE,"How many hours can you drive before your body gives up? 1 hour. You're feeling fresh. Your grip is firm and your favorite playlist is blasting. Your brain is sharp and your reaction time is at its peak. 8 hours. Your lower back starts to ache. The coffee is losing its magic and your eyes feel like sandpaper. You suddenly realize you don't remember the last 10 miles. 17 hours. This is the danger zone. Your brain is now as sluggish as if you were legally drunk. Your reaction time is cut in half, making every split-second decision a matter of life or death. 24 hours, micro sleeps kick in. Your brain shuts off for 3 to 5 seconds without you even knowing. You're driving a 4,000lb bullet on pure autopilot. 40 hours. Welcome to the hallucination zone. You see shadow people in your back seats and phantom animals darting across the lane. Your heart is pounding erratically. 72 hours. Total system failure. Your heart rate is erratic. Your cognitive functions collapse. and your brain finally forces a hard reboot. The world goes dark."
QREt93B9i2k,How any Reese‚Äôs is TOO many?,1772071,38314,16-01-2026,TRUE,"How many Reese's would it take to actually end you? One cup. You unwrap your first cup and take a bite. The perfect salty sweet combo hits your brain's reward center. It's pure bliss. For now, 20 cups. The sugar wall hits. Your throat feels thick and coated in heavy peanut oil. You're becoming desperately thirsty, but you don't stop. 50 cups. Your pancreas is screaming for help. Your heart starts racing from all the chemicals in the chocolate. Your body is officially panicking. 100 cups. It's no longer a treat. The thick peanut butter sticks to the roof of your mouth like superglue. Stomach acid burns your throat because your belly is so full. 180 cups. You've completely lost control. You're just shoveling the cups into your face covered in sticky peanut sludge. Your body wants to throw up, but your sugaraddicted brain forces you to keep chewing. 227 cups. You've reached the lethal dose. Your kidneys fail and your heart enters a fatal rhythm. Your blood has turned into a salty peanut flavored sludge."
7gKuuzhbyIo,Send Him 2-3 Years Dagestan And Forget,3833423,194241,14-01-2026,TRUE,"What if you spend three years in Dagistan? 1 month, your lungs are on fire. The mountain air is thin. You've traded burgers for mountain water and sheep cheese. You just got out wrestled by a 12-year-old for the 50th time. 6 months, your ears are starting to bloom into cauliflower. The Dagistani badge of honor. You don't walk anymore. You just hunt for single leg. One year, you grow big, strong beard. Your wrestling bears in the snow. Your grip strength can crush a coconut. Your neck becomes wider than your head. Very strong, brother. You start every sentence with, ""Brother, listen."" 2 years. You've become a human-shaped mountain. Your shins are hard as iron, and your gas tank never hits empty. You can wrestle for 5 hours straight. You start saying, ""Send me location."" to your Uber driver. 3 years, total evolution. You return home as a world-class smasher. You don't just win fights, you dominate souls. Every strike is a signature on a legacy that will never be erased. You are no longer a man. You are a mountain eagle. Brother, be honest. You survive tree years here or you go home after 1"
4F6x48zGAq8,What If You Stopped Eating?,2479538,85713,13-01-2026,TRUE,"What if you simply stopped eating? 6 hours. Your stomach is growling like a trapped beast and you're officially hangry. You can't focus on anything. You only think about your favorite food. 24 hours, your body hits the panic button. [music] Since there's no food, it starts burning your body fat for fuel. A weird side effect. Your breath starts smelling like nail polish remover. 72 hours. The hunger pains actually disappear. But don't be fooled. It's a trap. Your body is now eating your muscles just to keep your brain's lights on. You are literally eating yourself from the inside. One week, your immune system throws in the towel. Now, even a tiny cold could be deadly. Your brain is so foggy that everything you [music] look at starts to look like a giant slice of pizza. 3 weeks, your internal organs start to wither. Your heart actually gets smaller and struggles to pump blood, which is now turning thick like sludge. You look more like a skeleton than a person. 45 days, game over. Total system failure. Your body has nothing left to give. And the engine finally shuts down for good."
dGFX9g6XT6M,How Long Until You FRY?,1571097,48299,12-01-2026,TRUE,"How many hours can you sunbathe before your body fries? 1 hour, you've just laid out your towel and applied your first layer of oil. Your skin glows a healthy golden brown as it soaks up that vitamin D. 3 hours in, your skin turns a bright angry red as your cells send out emergency signals. You're losing water at a dangerous rate. 8 hours, your skin is covered in painful fluid-filled blisters. Your heart pounds erratically against your ribs, desperately trying to pump blood to your overheating organs. 12 hours, your brain begins to flicker like a dying light bulb. As heat stroke sets in, you start hallucinating an oasis in the sand, while your skin becomes as brittle and dry as old parchment. 16 hours in, your internal systems are crashing. Your heart rate is off the charts and your breath burns your lungs from the inside out. You've lost touch with reality, laughing at the sun while your vision fades into a white blur. 20 hours, total systemic failure. Your skin resembles burnt parchment and your organs cease to function."
yy1va5rywj0,How Many Pints is TOO Many?,1472762,36079,10-01-2026,TRUE,"How many pints of Ben & Jerry's will end you? One pint. You pop the lid of your first pint of halfbaked. The first scoop is pure heaven, but a sharp brain freeze stabs your forehead. Five pints. Your mouth is numb and your pancreas is working overtime, pumping out insulin to handle the massive sugar spike. 10 pints. Your heart pounds as it struggles to pump blood overloaded with fat. A frozen weight sits in your gut like a block of ice, and your hands start to shake from the sugar tremors. 20 pints. Your core temperature drops. Your brain diverts all energy to your stomach to warm the frozen mass, causing you to shiver violently as your muscles stiffen. 40 pints. Your vision blurs. Sugar poisoning takes over and your blood becomes thick like syrup, struggling to reach your brain. Your organs start shutting down one by one. 54 pints. You've hit the lethal dose. Your heart gives one last weak flutter. Unable to pump the sludge in your veins. You slip into a final diabetic coma as your brain shuts down in a sea of"
GEoPW-gFZJE,Could You Survive This Room?,2598458,100765,09-01-2026,TRUE,"How long could your mind stay sane in a totally empty room? Day one, it looks easy, right? Just you, a bed, and total silence. Honestly, for the first 24 hours, you would probably just catch up on sleep. 3 days. This is where your brain starts to panic. It is starving for entertainment. Since there's nothing to hear, your mind makes things up. You start hearing ringing noises or screaming, even though the room is dead silent. 5 days now you are hallucinating. Your brain is so bored it projects scary shapes and shadow people onto the walls just so you have something to look at. 7 days your sense of time is completely broken. You can't tell if you have been awake for an hour or a whole week. You are totally lost. 2 weeks extreme paranoia hits you. You start believing the room is out to get you. It actually looks like the walls are shrinking and trying to crush you. One month you reach the human limit. Basically, you forget who you are. You don't remember your own name or what you used to be like. Your body survives, but your mind, it's gone forever."
hg8TMjChiEs,Ice Bath Survival Time ‚è±Ô∏è,1631730,60401,08-01-2026,TRUE,"How long can you survive in an ice bath? 1 minute. The cold shock hits, forcing your lungs to gasp for air while your heart rate spikes instantly. 15 minutes. Your skin turns bright red. Your muscles shake violently as your body desperately tries to create heat to keep you alive. 30 minutes. Your brain pulls all the blood away from your arms and legs to protect your heart. Your limbs become heavy, frozen weights as your body enters extreme survival mode. At 45 minutes, your internal organs begin to fail and your brain starts to shut down. Your vision fades into a dark, [music] blurry tunnel and you feel a strange fake sense of warmth as your nerves finally die. You are now completely paralyzed and unable to leave the bath on your own. 1 hour. Your heart is completely exhausted. It struggles to pump blood that has become as thick as syrup. The rhythm is weak and faint, just moments away from stopping. 2 hours. If you aren't Wimhof, this is your absolute limit. Your core temperature drops so low that your cells begin to crystallize and your brain activity goes silent."
ZZzYqmhHo_c,How Many Bags Of Blue Takis Will End You?,3649028,61680,07-01-2026,TRUE,"How many bags of blue takis will end you? Bag one. Your tongue is instantly coated in blue dye while capsain triggers every heat sensor in your mouth at once. Bag five. Your stomach lining begins to panic as your gastric acid production spikes, creating a literal pool of fire inside your torso. Bag 15. Your blood pressure spikes from the massive sodium, forcing your heart to pump harder against your tightening vessels. Your arteries are now strained to the breaking point under the crushing internal pressure. Bag 30. Extreme sodium levels pull water directly out of your cells, causing your brain to physically shrivel inside your skull. You suffer intense hallucinations as your neural pathways begin to misfire. Bag 60. Your digestive tract undergoes extreme inflammation, making your entire core feel like it is melting. The blue capsin dust effectively turns your stomach into a corrosive pool of liquid fire. Bag 93. You reach the absolute limit of your biology. Your kidneys shut down completely as your blood turns into a toxic blue sludge."
GP6w14ROVbc,What If You NEVER Stopped Running?,3818315,168377,06-01-2026,TRUE,"What if you started running right now and simply never stopped? Minute 30. Your brain floods with dopamine and endorphins. This is the runner's high, tricking you into ignoring the microscopic tears already forming in your legs. Hour, you hit the wall. Your glycogen tanks are completely empty. Your body panics and starts cannibalizing its own fat stores just to keep your muscles firing. Hour 24, a sharp metallic taste fills your mouth. Your toenails turn black and die from the constant trauma. Your feet swell two full sizes, crushing against your shoelaces. Day three, rabdomiolysis sets in. Your muscle fibers are literally dissolving into your bloodstream. Your kidneys clog up with toxic proteins and begin to fail. Day five, structural collapse. Your shin bones are riddled with thousands of stress fractures. Your Achilles tendon, pulled tight for too long, start snaps like a dry twig. Day seven, the absolute limit. Your heart enters a fatal rhythm. It beats too fast to pump blood. You overheat and the machine shuts down."
AViI1wOdSCQ,HOW MANY PEPSI CAN YOU DRINK?,655434,25211,06-01-2026,TRUE,"How many Pepsi can you drink? Can one, the sugar hits instantly. Major dopamine rush, you feel sharp. Can three, your pancreas freaks out. It dumps massive amounts of insulin to clear the glucose, and you crash hard. You feel heavy and sluggish. Can 12. The caffeine kicks in, fighting the crash. You're twitching, but totally exhausted. The gas builds up in your gut and presses against your lungs. Breathing gets shallow and difficult. [music] Can 24. Your electrolytes wash away. Your potassium drops dangerously low. Your muscles seize up in painful knots, twitching wildly without your permission. Your body is fighting a violent urge to purge everything out. Can 30. The caffeine toxicity makes you trip out. You start seeing dark shapes darting around the corner of your eye. Worse, your brain swells up with fluid, crushing itself against the bone. Can 40. Structural failure. Your stomach wall finally bursts, spilling acid and syrup into your gut. You are literally dissolving your own organs."
Jprn9ANrY98,What Happens If You Only Eat Raw Meat?,3744257,151707,04-01-2026,TRUE,"What happens if you only eat raw meat? Day one, the uncooked meat is rubbery and tough, making your jaw cramp in extreme pain as you struggle to chew every bite. Your stomach turns into a super strong acid bath. One week since you have zero sugar for energy. Your body panics [music] and switches to burning fat. You feel weak, dizzy, and your sweat starts smelling like ammonia. One month, your jaw muscles are massive from hours of chewing rubbery muscle. But without vitamin C from fruits, your gums get weak and might start to bleed. This is the first sign of scurvy. 6 month dangerous parasites appear. Worms and larae hatch from the uncooked meat, filling your guts and slowly eating you from the inside out. One year, your kidneys completely fail from filtering [music] too much heavy waste. Your blood becomes thick sludge that blocks your veins and the pressure blows out your heart valves until your system collapses. Cooking didn't just add flavor, it unlocked the energy that built the human brain. Evolution gave us fire for a reason."
naPUc9oNnqk,Do You Possess The Rarest DNA Sequence On Earth?  #3d #animation #facts,5727452,266345,03-01-2026,TRUE,"Do you possess the rarest DNA sequence on Earth? Level one, psychopathy. 1 in 100 people. The brain bypasses emotional circuits, creating a cold, purely logical biological response to danger without [music] increased heart rate. Level two, conjoined twins. One in 175,000. Two skeletons fused directly at the sternum or cranium. Shared organs and a unified circulatory system [music] force two distinct lives to function as one biological machine. Level three, golden blood. 1 in 75 million. Rhn null. Your red blood cells lack all 61 Rh antigens. It is the purest blood type on Earth. Chemically compatible with anyone, but nearly impossible to replace if you bleed. Level four. Werewolf syndrome. One in 1 billion. Hypertriosis. A genetic mutation forces hair follicles into overdrive. Thick fur covers 98% of the skin surface, completely altering thermal regulation and sensory input. The ultimate rare. Polymelia. 1 in 3.5 billion. A developmental anomaly results in extra limbs."
mQYGhw_qPcQ,How Many Cups Of Coffee Does It Take To Stop Your Heart?,338273,11077,02-01-2026,TRUE,"How many cups of coffee does it take to stop your heart? One single espresso acts as a stimulant. It blocks adenosine receptors in the brain. Your neurons fire faster. Blood flow increases slightly. You feel alert and energized. Drink seven espressos and the body reacts to the pressure. Adrenaline floods your veins. Your pupils dilate wide. The heart pumps harder to handle the stimulant. Your hands begin to shake from the excess energy. At 20 espressos, you enter the toxicity zone. Your central nervous system overloads. The heart struggles to maintain a steady rhythm. Anxiety turns into physical panic. Gastric acid builds up, burning the stomach lining. 80 cups is a biological disaster. The pressure causes massive seizures in the brain. Muscle fibers contract uncontrollably. Your body attempts to violently reject the liquid through vomiting. The cardiovascular system is on the verge of collapse. [music] 150 espressos delivers the lethal dose. The caffeine concentration forces cardiac arrest. The heart muscle simply stops beating. Total system shutdown. Are you safe?"
EEu0jN_QFwc,What Happens To Your Body If You Eat Only Fast Food?,542596,22297,31-12-2025,TRUE,"What happens to your body if you eat only fast food? Day one, after eating fast food, you get a huge insulin spike. Basically, a sugar rush where you feel hyper. But right after that, your blood sugar crashes hard, leaving you feeling super tired. Day seven, your face reveals the damage with greasy skin and breakouts. Inside, digestion stalls and sugar-loving bugs take over your gut. Day 30, visceral fat starts wrapping around your internal organs. Your blood turns into a thick sludge of bad cholesterol. The hydraulic resistance in your veins skyrockets, forcing your heart to pump with double the force. Month three, your brain is starving. Insulin resistance blocks energy from entering your neurons. You lose focus. You lose memory. You are now chemically addicted to the artificial flavor. Month six, total metabolic failure. Your liver is fatty and shutting down. Your arteries are stiff pipes, 80% blocked. You are a ticking time bomb waiting for a massive structural collapse. Your system is overloaded. The lights could go out on the very next beat."
DFk3VHruOmo,What Happens If You Take A Cold Shower Every Day?,4301185,270106,30-12-2025,TRUE,"What happens if you take a cold shower every day? Stage one, the shock response. Cold water hits, vessels constrict, and your nervous system switches on instantly. It's uncomfortable, but it wakes you up. Stage two, circulation. Your body pushes blood to vital organs to keep warm. When you get out, blood rushes back, clearing morning brain fog. Stage three, skin barrier. Unlike hot water, cold water doesn't strip natural oils. It protects your skin barrier, reducing dryness and itching. It helps lock in moisture, giving your skin a natural, healthy glow. Stage four, muscle recovery. Athletes love this one. Cold exposure limits inflammation and swelling, helping your muscles recover faster after workouts. This process flushes out metabolic waste, significantly reducing soreness the next day. Stage five, stress adaptation. You are training your body to handle mild stress efficiently, which can improve your overall mood. It's not for everyone, especially if you have heart conditions, but for many, it's a gamecher. Do you take cold showers? Let me know in the comments."
1y4W90dd1aM,WHAT WOULD HAPPEN IF YOU DIDN'T BRUSH YOUR TEETH?,3930669,92712,30-12-2025,TRUE,"What would happen if you didn't brush your teeth? Day one, a transparent layer covers your teeth. It looks like nothing, but it already changes the way the surface reflects light. Day three, the film becomes more visible. Your smile loses its shine, and yellowish tones begin to appear in certain spots. Day seven, the surface no longer looks smooth. The layer becomes thicker and starts to feel like a rough texture to the touch. Day 14, the area around the teeth changes color, showing reddish and dark tones. The smile looks less uniform and much duller. Day 21, the buildup hardens. The line between the tooth and the gum becomes [music] harsh and distinct, and the shape of each tooth begins to visually change. Day 30, the lower part of the tooth [music] looks more exposed. Greenish and brown tones appear, and the teeth lose stability in their position. Summary: A month without brushing doesn't just ruin your appearance."
FAjRWr_PHFY,WHAT HAPPENS IF YOU TAKE REALLY HOT SHOWERS EVERY DAY?,4213728,138131,28-12-2025,TRUE,"What happens if you take really hot showers every day? Stage one, it feels good. At first, super hot water feels relaxing. It opens your pores and makes you feel very clean. Stage two, you lose your natural protection. Your skin has natural oils. These oils act like a shield. They protect you from germs and keep your skin soft. Hot water washes these oils away. Without them, your skin has no barrier. Stage three, dry and itchy skin. After a few weeks, your skin starts to feel tight. It gets dry, red, and itchy. You might even get tiny cracks in your skin, especially on your arms, legs, and back. Stage four, looking older faster. The heat hurts the parts of your skin that keep it smooth and stretchy. This causes wrinkles and makes your skin look tired and dull. Your skin ages faster than normal. Stage five, your skin gets super sensitive. After months of hot showers, your skin reacts to everything. Soaps, perfumes, and cold weather might hurt or sting. This isn't an allergy. It is because your skin's protective wall is broken. Conclusion: Taking a hot bath once in a while is okay, but doing it every day is bad for your health. Use warm water instead."
Du6eQkfue0s,What Happens If You Sleep With Your Pet Over Time?,1622737,53517,27-12-2025,TRUE,"What happens if you sleep with your pet over time? Stage one, the fur invasion. Your bed fills with invisible micro hairs. They float around, stick to your face, and yes, you are literally breathing them in while you sleep. Stage two, the friction from fur and dander starts irritating your skin. You get these little red bumps on your neck. It looks like acne, but it's actually inflammation from the dirt and hair. Stage three, your immune system starts freaking out from the daily exposure. You wake up sneezing with a stuffy nose for literally no reason at all. Stage four, then the invisible germs. Your pet walks on dirty sidewalks, then tracks that bacteria right into your sheets. It messes up your skin's balance, leaving you with the gross germs that make you itch. Stage five. After months of this, your mattress is a giant sponge for drool, dander, dirt, and sweat. It's a mini ecosystem you definitely don't want to breathe in. Bottom line, cuddling is fine, but doing it every night, your skin and sinuses are going to hate you for it."
N7s1N86KD3k,HOW LONG CAN YOU ACTUALLY SURVIVE WITHOUT SLEEPING?,1881244,43778,26-12-2025,TRUE,"How long can you actually survive without sleeping? Day one, your memory gets foggy and you become super moody. Your coordination crashes so hard it's exactly like being legally drunk. Day two, the crash hits. You start experiencing micro sleeps. Your brain forcibly shuts down for 10 seconds while your eyes are still wide open. Day three, you can't even pour a bowl of cereal without messing up. Your heart pounds out of your chest and your blood pressure shoots through the roof. Day four, your immune system completely shuts down. So, even a tiny cold germ can take you out instantly. Tremors take over your nervous system and you can't stop shaking. Day five, paranoia kicks in hard. You feel like you're being watched constantly. Every shadow looks dangerous and you don't feel safe anywhere. Day seven, you start hallucinating for real. You see things that aren't there and hear sounds that don't exist. Your brain is totally losing its grip on reality. Day 11, this is the absolute human limit. You are technically awake, but your brain power is zero."
MVuvaK-PFRE,What Actually Happens When You Drink Too Much Water?,2695268,66157,26-12-2025,TRUE,"What actually happens when you drink too much water? Two bottles. This is peak hydration. Your blood viscosity is perfect. Oxygen shoots to your muscles. You feel energized and your brain is sharp. Four bottles. Half a gallon in 1 hour. Now you hit the saturation point. Your kidneys cannot filter this fast. The water backs up. Your stomach creates a sloshing sound and pressure builds against your belt. Eight bottles. The gallon challenge. This triggers hyponetriia. Your essential sodium washes away. To balance the physics, water rushes inside your cells. They puff up like overfilled balloons. You start vomiting in self-defense. 12 bottles, 1.5 gallons. System failure. The swelling isn't just in your skin, it's in your skull. Your brain expands and crushes against the bone walls. This pressure causes violent seizures and confusion. 16 bottles, 2 gallons. The lethal dose. The intraraanial pressure becomes impossible. It forces your brain stem down into your spinal column. This disconnects your breathing center instantly."
vAW7bAmcHQI,What Would Happen If You Didn'T Wash Your Hair?,5456495,121263,24-12-2025,TRUE,"What would happen if you didn't wash your hair? Day one, the scalp produces its normal oil. The shine increases slightly. Nothing unusual. Day three, the oil layer doubles. Hair sticks together in clumps and a slight odor appears. Day seven, grease weighs down roots, making hair flat, and wet looking. A noticeable smell appears when moving. Day 14. Blocked pores cause irritation, redness, and constant itching. Day 21. Oil, dust, and sweat form greasy patches. Hair hardens and feel sticky. Day 30. Scalp peels with large flakes and intense bacterial odor. Hair becomes dull, stiff, and matted."
W9fYD19PQ88,How many Red Bulls is too many?,504642,12531,23-12-2025,TRUE,"How many Red Bulls is too many? One can. Your brain floods with dopamine. You feel sharp. You feel good. Five cans. Your nervous system hits overdrive. Your hands shake uncontrollably. The drink bubbles inside, making you gag on acid. 20 cans. Arhythmia. Your heart starts skipping beats. Your chest feels like it's being crushed. You can't catch your breath. 50 cans. Total brain chaos. The caffeine shrinks your veins while the sugar turns your blood into thick sludge. Circulation fails. You go into full convulsions. 125 cans. Catastrophic failure. It just vibrates uselessly instead of pumping blood. The engine blows up."
D03TaaUMlQU,WHAT IF YOU NEVER STOP STARING INTO THE MIRROR?,2112196,61923,23-12-2025,TRUE,"What if you never stopped staring into the mirror? First 2 minutes, you hyperanalyze everything. You memorize every wrinkle and every imperfection. Minute 10, the Troxler effect kicks in. Your peripheral vision fades. One day, your brain starts to glitch. Your panic-stricken mind fills the void with monsters. You stop recognizing yourself. You see a demon mimicking your moves. 7 days, you lose the ability to speak. You hear voices and see dead relatives standing right behind you in the glass. Even if the mirror breaks, it's too late. The damage is permanent. These demons will now stalk you forever."
F0NUipEXBnw,What Is The Actual LIMIT Of Human Pain? #shorts,1050426,36769,22-12-2025,TRUE,"What is the actual limit of human pain? Stepping on a Lego. It's about eight dolls. It's not deadly, but it feels like a personal attack on your soul. Paintball from close range. 15 dolls. Stings like a giant hornet and leaves a bruise the size of grapefruit. A kick in the ball that hits 60 dolls. It sends a shock wave through your nerves. Drinking acid. 150 dolls. This isn't a burn. It's dissolving you from the inside out. Your body goes into immediate shock. Being burned alive. This is the human limit. You feel everything until your nerve endings are gone. It is the worst way to go. What is your worst pain?"
5kJpn4e-1Gw,What if a TERMINATOR was sent to hunt YOU?,6102201,223558,21-12-2025,TRUE,"What if a killer robot took a contract out on you? First instinct, hide under the bed. It hears a pin drop a mile away, so your trembling breath just gave you away. You're found. The closet useless. It switches to thermal imaging. You are lighting up like a Christmas tree through the wooden door. There is no hiding. Concrete wall. It punches through bulletproof glass. That's just paper to a machine that calculates structural weak points in nancond. You try a safe, but it never tires. It smashes that steel until it rips like paper. So you fight. You grab an automatic rifle and unload the clip. Nothing. The bullets bounce off its titanium alloy chassis like rain. Your only chance, physics. You need a liquid nitrogen cannon. Freeze its circuits to absolute zero and smash it to pieces. Subscribe for more."
GxPoVOrRvSA,What If You Stopped Blinking? #shorts,874724,14140,20-12-2025,TRUE,"What happens if you stop blinking? At 1 minute, your eyes dry out and turn blood red. 2 minutes in, your body panics, flooding your face with tears. But without eyelids to wipe the surface, the tears are completely useless. After 24 hours, massive infection sets in. Pus starts leaking out and your vision becomes a blurry nightmare. By day two, permanent scars form over your eyes, blocking the light. You go completely blind. Blink right now and follow for more."
7KC7bzvIioA,WHAT HAPPENS WHEN YOU DROP A LIGHTSABER VERTICALLY?,406316,10436,19-12-2025,TRUE,"What happens when you drop a lightsaber vertically? If a lightsaber were real, it would consist of a plasma blade held in place by a magnetic field burning at roughly 10,000 deg. If dropped vertically, gravity would pull it downward, slicing through the ground. However, it wouldn't cut through the Earth forever. It would likely reach a limit at about 40,230, similar to the depth of the Cola super deep bore hole. At that depth, the Earth's temperature rises to 356¬∞. Just as this extreme heat stopped the Russian drilling project, it would likely melt the lightsaber's hilt, causing the weapon to malfunction and"
MrY8xPZdi3I,WHICH FOODS COULD BREAK YOUR TEETH?,2713559,47264,18-12-2025,TRUE,"Which foods could break your teeth? French fry. Crispy, salty, safe. Your teeth crush this with zero effort. Fluffy clouds of joy until crack, you hit that one unpopped kernel. It's the silent assassin waiting to chip a mer. Ouch. The jawbreaker. It's literally in the name, guys. Layer after layer of concrete sugar. Impatient biters beware. This thing fights back. Do not try this at home. You're enjoying some soup and then clang. Metal versus enamel. The spoon always wins. Instant regret. Nature's vault. You think you're a nutcracker? Think again. The pressure spikes and boom, game over for your tooth. Which one made you cringe?"
#NAME?,Kakashi's Most BROKEN Jutsu,191476,4345,17-12-2025,TRUE,"Kakashi isn't just the copy ninja. His original moves are broken. First, the ultimate tracking trap. [music] He doesn't just find you, he sends the whole squad. It's the deadliest game of fetch you'll ever play. You can't move once you're stuck. [music] It's lights out. Literally Rkery. Pure speed. You hear the birds chirping. It's already GG. It's not just fast, it's instant. You don't even see it coming. [music] One clean shot, no respawns. Forget the rest. Kamui is straight up broken. This isn't a jutsu, it's developer hacks. See that world ending attack? Nope. Delete it. It doesn't matter how tanky you are. He looks at you, reality warps, and you get yeated to the shadow realm. Unblockable. Undodable. Which Kakashi jutsu is your favorite? Comments below."
NR3SPTGVWsQ,TOP 3 BROKEN JUTSU  - ITACHI UCHIHA,171261,4992,17-12-2025,TRUE,"This is exactly why Itachi Uchia was never defeated in a fair fight. Kicking off at number three, Amitarasu. This is the ultimate physical attack. If he can see you, you're already burning. These black flames are as hot as the sun, and they do not stop burning until the target is completely ash. At number two, the ultimate mindbreaker, Zukuyomi. Forget regular Genjutsu. This is psychological torture on another level. He controls time and space inside your head. One second in reality feels like days in his world. It's an instant GG for almost anyone, but number one makes him nearly untouchable. His armored susanu, but wait, Itachi's version is special. Tatsuka blade that seals you away forever with one hit. He has the yata mirror that reflects literally everything and the perfect defense, perfect offense. Was a healthy Itachi actually the strongest Uchiah? Drop a comment and follow for"
ekPb2IN1z74,How To SURVIVE a  Bear ATACK?,278679,7071,16-12-2025,TRUE,"Think you can distract a 600-lb grizzly with a laser pointer? Dead wrong. In reality, he ignores the dot and turns your skeleton into confetti. Try a peace offering, honey. Nope. He doesn't want the snack. He wants the chef. And for the cartoon fans thinking about drawing an anti sea bear circle. This isn't Bikini Bottom, folks. It doesn't work. Here is what actually saves your life. Bear spray. It's basically liquid fire for their nose or an air horn. 120 dB of pure back off. It shocks their senses and sends them running."
VAow-LTqAsQ,Which Dino Finisher is the WORST? üíÄ,173385,4573,15-12-2025,TRUE,"Which of these five finishers is the worst? First up, the raptor squad went full savage mode. Just look at them shredding that gel flesh. That is brutal teamwork. Then the triceratops said, ""Not today."" And absolutely yeated him. The ribs are gone. T-Rex just deleted the head. That crunch was oddly satisfying. Pterodactyl took the leftovers for a skydiving trip. Straight into the concrete. Splat. And for the finale, the Bigfoot. Brachiosaurus turned him into an absolute pancake. Game over. Which Dino did the most damage? Drop a comment and subscribe for round"
5hwJ6Dpt0mM,"2 Feet vs 3,000 Feet Drop Test üíÄüìâ#physics #simulation #sciencefacts #falldamage #scaryfacts",825829,22815,14-12-2025,TRUE,"How high is too high? Let's test the limits. Two feet. Easy. Just a hop. You do this every day. Six feet. Your knees absorb the shock. It hurts, but you walk away. 12 ft. Now we have a problem. Without a proper roll, say goodbye to your ankles. Fractures are highly likely. 30 ft. The critical zone. That's a three-story building. Shattered pelvis. Spinal compression. Finally, 3,000 ft. You hit terminal velocity. Impact at 120 mph. No recovery."
NF_vH14EGRo,"COULD YOU SURVIVE 100,000 VOLTS? #shorts  #factsyoudontknow #facts",221700,7870,12-12-2025,TRUE,"Could you survive these five levels? Level one, the 9volt battery, the classic lick test. Lem, a little spicy tingle. You'd survive this easily. Moving on. Level two, the self taste. Boom. Look at that [music] jiggle. It turns his chest into pudding. Painful? Yes. Deadly? Probably not. Level three, the forbidden fork. Do not try this. He's glowing orange like a human toaster. [music] You would literally cook from the inside out. Level four, the electric chair. Now we're talking game over. Skin is melting. Smoke everywhere. You are definitely not walking away from this. And finally, level five, god mode. Holy smokes, he just [music] vaporized. Nothing but ash and bones. Comment F to pay respects to the fallen jelly"
O7d4zV0dRks,Bulletproof Glass vs. Nature:Who Actually Breaks It?ü¶ç#shorts #animals #experiment #science,192716,4648,11-12-2025,TRUE,"Can any animal smash bulletproof glass? First up, the honey badger. He's absolute chaos. Teeth, claws, pure rage. But the glass, it's not even impressed. Next, the Mulon ram. He turns into a living missile. Boom. That looked painful for the ram. The glass still standing strong. What about the king of the jungle? The lion strikes. Huge claws. Terrifying power, but it's just a scratch test. Bail out. The silverback gorilla. Watch this. First hit. Nothing. But he doesn't stop. Crack. There it goes. He smashed. And finally, the boss, an African elephant. Six tons of force. Game over. Totally destroyed. The outer layer."
D53ZG4OE7qY,WHO BREAKS IT BEST?  #facts #factsyoudontknow,149593,3836,11-12-2025,FALSE,
1Iyu7Y_X9_w,Hokage Damage Test üíÄ üëá(Realistic)#naruto #anime #hokage #3drender #simulation #satisfying,2719606,71679,10-12-2025,FALSE,
fKj_CsFmA2g,Akatsuki Damage Test: 0% Survival Rate ‚ö∞Ô∏è#naruto #anime #akatsuki #narutoshippuden  #narutoedits,153356,2762,09-12-2025,FALSE,
NaH3m6Fmly8,5 Places That Will DELETE You Instantly‚è±Ô∏è#short #facts #creepyfacts #science #scary #earth #survival,142137,4546,09-12-2025,FALSE,
vJm7-w7ixRI,1 HIT = DELETE ü§Ø 5 Animals That Will BREAK You #shorts #nature #wildlife #animals #viral #fyp,135596,3763,08-12-2025,FALSE,
pTcrYEMK-O0,How Many Balloons To Lift You? üéà#science #balloons ##physics #didyouknow #experiment  #mythbusters,178684,5409,08-12-2025,FALSE,
bVmxuv2JfAg,can these animals crush a human skull??  #facts #factsyoudontknow #animals #doyouknow #zoology,385258,8373,30-11-2025,FALSE,
